[{"titulo": "Receita de miojo", "detalhes": "Bata com um martelo antes de abrir o pacote. Misture o tempero, coloque em uma vasilha e aproveite seu snack :)"}, {"titulo": "P\u00c3\u00a3o doce", "detalhes": "Abra o p\u00c3\u00a3o e coloque o seu suco em p\u00c3\u00b3 favorito."}, {"titulo": "Sorvete com cristais de leite", "detalhes": "Sirva o seu sorvete favorito em uma vasilha e jogue leite em cima."}, {"titulo": "Iogurte natural", "detalhes": "Deixe o leite fora da geladeira (esse \u00c3\u00a9 mentira, n\u00c3\u00a3o fa\u00c3\u00a7a isso)."}, {"titulo": "Homer Simpson", "detalhes": "~( 8(|)"}, {"titulo": "Numero m\u00c3\u00a1gico", "detalhes": "142857"}, {"titulo": "S\u00c3\u00a9rie da Funda\u00c3\u00a7\u00c3\u00a3o - Isaac Asimov", "detalhes": "\u00c3\u2030 boa, leia."}]